{
  "summary_path": "experiments/results/phase2_patha_scale120_feat_enhanced36_ridge/fixed_kfold_summary_75runs_15seeds_300_314_20260216.json",
  "n_runs_in_summary": 75,
  "used_runs": 75,
  "skipped_runs": 0,
  "phase1_best": {
    "by_sub_type": {
      "biggan": {
        "n_samples_total": 1800,
        "macro_f1_weighted_mean": 0.9759777235817938,
        "balanced_accuracy_weighted_mean": 0.9538888888888889
      },
      "casia_au": {
        "n_samples_total": 1800,
        "macro_f1_weighted_mean": 0.9073207788362165,
        "balanced_accuracy_weighted_mean": 0.8333333333333334
      },
      "casia_tp": {
        "n_samples_total": 1800,
        "macro_f1_weighted_mean": 0.8994951210844967,
        "balanced_accuracy_weighted_mean": 0.8205555555555556
      }
    },
    "by_true_label": {
      "ai_generated": {
        "n_samples_total": 1800,
        "macro_f1_weighted_mean": 0.9759777235817938,
        "balanced_accuracy_weighted_mean": 0.9538888888888889
      },
      "authentic": {
        "n_samples_total": 1800,
        "macro_f1_weighted_mean": 0.9073207788362165,
        "balanced_accuracy_weighted_mean": 0.8333333333333334
      },
      "manipulated": {
        "n_samples_total": 1800,
        "macro_f1_weighted_mean": 0.8994951210844967,
        "balanced_accuracy_weighted_mean": 0.8205555555555556
      }
    }
  },
  "phase2_best": {
    "by_sub_type": {
      "biggan": {
        "n_samples_total": 1800,
        "macro_f1_weighted_mean": 0.966968482232127,
        "balanced_accuracy_weighted_mean": 0.9372222222222222
      },
      "casia_au": {
        "n_samples_total": 1800,
        "macro_f1_weighted_mean": 0.9089172491000278,
        "balanced_accuracy_weighted_mean": 0.8361111111111111
      },
      "casia_tp": {
        "n_samples_total": 1800,
        "macro_f1_weighted_mean": 0.9052485114191136,
        "balanced_accuracy_weighted_mean": 0.8294444444444444
      }
    },
    "by_true_label": {
      "ai_generated": {
        "n_samples_total": 1800,
        "macro_f1_weighted_mean": 0.966968482232127,
        "balanced_accuracy_weighted_mean": 0.9372222222222222
      },
      "authentic": {
        "n_samples_total": 1800,
        "macro_f1_weighted_mean": 0.9089172491000278,
        "balanced_accuracy_weighted_mean": 0.8361111111111111
      },
      "manipulated": {
        "n_samples_total": 1800,
        "macro_f1_weighted_mean": 0.9052485114191136,
        "balanced_accuracy_weighted_mean": 0.8294444444444444
      }
    }
  },
  "delta_phase2_minus_phase1": {
    "by_sub_type_macro_f1": {
      "biggan": -0.009009241349666852,
      "casia_au": 0.0015964702638112671,
      "casia_tp": 0.005753390334616859
    },
    "by_true_label_macro_f1": {
      "ai_generated": -0.009009241349666852,
      "authentic": 0.0015964702638112671,
      "manipulated": 0.005753390334616859
    }
  }
}