{
  "timestamp": "2026-02-16T15:52:32.097814",
  "candidates": [
    {
      "label": "random25",
      "summary_path": "experiments/results/phase2_patha_scale120_feat_enhanced36_ridge/repeated_random_summary_25runs_300_324_20260216.json",
      "n_runs": 25,
      "f1_diff_mean": -0.00392831443440734,
      "f1_diff_std": 0.022428374455179968,
      "positive_count": 8,
      "negative_count": 12,
      "zero_count": 5,
      "directional_margin": -4,
      "sign_test_pvalue": 0.5034446716308594,
      "pooled_mcnemar_pvalue": 0.49964225765235615,
      "negative_rate": 0.48,
      "downside_mean": 0.010685376660719332,
      "cvar_downside": 0.04351432796096163,
      "worst_case_loss": 0.056671910824150906
    },
    {
      "label": "kfold10",
      "summary_path": "experiments/results/phase2_patha_scale120_feat_enhanced36_ridge/fixed_kfold_summary_10runs_2seeds_20260216.json",
      "n_runs": 10,
      "f1_diff_mean": 0.00043146000626093084,
      "f1_diff_std": 0.0195975058332947,
      "positive_count": 6,
      "negative_count": 3,
      "zero_count": 1,
      "directional_margin": 3,
      "sign_test_pvalue": 0.5078125,
      "pooled_mcnemar_pvalue": 0.8711314915971583,
      "negative_rate": 0.3,
      "downside_mean": 0.008119637843831129,
      "cvar_downside": 0.02942707579485704,
      "worst_case_loss": 0.02942707579485704
    },
    {
      "label": "kfold25",
      "summary_path": "experiments/results/phase2_patha_scale120_feat_enhanced36_ridge/fixed_kfold_summary_25runs_5seeds_20260216.json",
      "n_runs": 25,
      "f1_diff_mean": 0.0032235139835704364,
      "f1_diff_std": 0.01814479404835927,
      "positive_count": 14,
      "negative_count": 8,
      "zero_count": 3,
      "directional_margin": 6,
      "sign_test_pvalue": 0.28627872467041016,
      "pooled_mcnemar_pvalue": 0.6906192201976447,
      "negative_rate": 0.32,
      "downside_mean": 0.005412900452994047,
      "cvar_downside": 0.027065459479437098,
      "worst_case_loss": 0.02942707579485704
    },
    {
      "label": "kfold75",
      "summary_path": "experiments/results/phase2_patha_scale120_feat_enhanced36_ridge/fixed_kfold_summary_75runs_15seeds_300_314_20260216.json",
      "n_runs": 75,
      "f1_diff_mean": -0.0010430107939016376,
      "f1_diff_std": 0.022520648564064504,
      "positive_count": 34,
      "negative_count": 34,
      "zero_count": 7,
      "directional_margin": 0,
      "sign_test_pvalue": 1.0,
      "pooled_mcnemar_pvalue": 0.6343945488229775,
      "negative_rate": 0.4533333333333333,
      "downside_mean": 0.009613701024553707,
      "cvar_downside": 0.031117856913819825,
      "worst_case_loss": 0.03995557582514109
    }
  ],
  "recommendation": {
    "recommended_label": "kfold25",
    "recommended_summary_path": "experiments/results/phase2_patha_scale120_feat_enhanced36_ridge/fixed_kfold_summary_25runs_5seeds_20260216.json",
    "ranking": [
      "kfold25",
      "kfold10",
      "kfold75",
      "random25"
    ],
    "winner_metrics": {
      "label": "kfold25",
      "summary_path": "experiments/results/phase2_patha_scale120_feat_enhanced36_ridge/fixed_kfold_summary_25runs_5seeds_20260216.json",
      "n_runs": 25,
      "f1_diff_mean": 0.0032235139835704364,
      "f1_diff_std": 0.01814479404835927,
      "positive_count": 14,
      "negative_count": 8,
      "zero_count": 3,
      "directional_margin": 6,
      "sign_test_pvalue": 0.28627872467041016,
      "pooled_mcnemar_pvalue": 0.6906192201976447,
      "negative_rate": 0.32,
      "downside_mean": 0.005412900452994047,
      "cvar_downside": 0.027065459479437098,
      "worst_case_loss": 0.02942707579485704
    },
    "decision_rule": {
      "type": "lexicographic",
      "objective": "loss_averse",
      "order": [
        "min downside_mean",
        "min negative_rate",
        "min cvar_downside",
        "min worst_case_loss",
        "max f1_diff_mean",
        "min sign_test_pvalue",
        "max directional_margin (positive_count - negative_count)",
        "min f1_diff_std",
        "min pooled_mcnemar_pvalue"
      ]
    }
  }
}