{
  "summary_path": "experiments/results/phase2_patha_scale120_feat_enhanced36_ridge/summary_10seeds_42_51_statsv2_20260216.json",
  "n_runs_in_summary": 10,
  "used_runs": 10,
  "skipped_runs": 0,
  "phase1_best": {
    "by_sub_type": {
      "biggan": {
        "n_samples_total": 240,
        "macro_f1_weighted_mean": 0.9757379530737533,
        "balanced_accuracy_weighted_mean": 0.9541666666666667
      },
      "casia_au": {
        "n_samples_total": 240,
        "macro_f1_weighted_mean": 0.8888853625929887,
        "balanced_accuracy_weighted_mean": 0.8041666666666667
      },
      "casia_tp": {
        "n_samples_total": 240,
        "macro_f1_weighted_mean": 0.8679003681464902,
        "balanced_accuracy_weighted_mean": 0.7708333333333334
      }
    },
    "by_true_label": {
      "ai_generated": {
        "n_samples_total": 240,
        "macro_f1_weighted_mean": 0.9757379530737533,
        "balanced_accuracy_weighted_mean": 0.9541666666666667
      },
      "authentic": {
        "n_samples_total": 240,
        "macro_f1_weighted_mean": 0.8888853625929887,
        "balanced_accuracy_weighted_mean": 0.8041666666666667
      },
      "manipulated": {
        "n_samples_total": 240,
        "macro_f1_weighted_mean": 0.8679003681464902,
        "balanced_accuracy_weighted_mean": 0.7708333333333334
      }
    }
  },
  "phase2_best": {
    "by_sub_type": {
      "biggan": {
        "n_samples_total": 240,
        "macro_f1_weighted_mean": 0.9784458834412582,
        "balanced_accuracy_weighted_mean": 0.9583333333333334
      },
      "casia_au": {
        "n_samples_total": 240,
        "macro_f1_weighted_mean": 0.8994844589182305,
        "balanced_accuracy_weighted_mean": 0.8208333333333333
      },
      "casia_tp": {
        "n_samples_total": 240,
        "macro_f1_weighted_mean": 0.8852102127734078,
        "balanced_accuracy_weighted_mean": 0.7958333333333333
      }
    },
    "by_true_label": {
      "ai_generated": {
        "n_samples_total": 240,
        "macro_f1_weighted_mean": 0.9784458834412582,
        "balanced_accuracy_weighted_mean": 0.9583333333333334
      },
      "authentic": {
        "n_samples_total": 240,
        "macro_f1_weighted_mean": 0.8994844589182305,
        "balanced_accuracy_weighted_mean": 0.8208333333333333
      },
      "manipulated": {
        "n_samples_total": 240,
        "macro_f1_weighted_mean": 0.8852102127734078,
        "balanced_accuracy_weighted_mean": 0.7958333333333333
      }
    }
  },
  "delta_phase2_minus_phase1": {
    "by_sub_type_macro_f1": {
      "biggan": 0.0027079303675048294,
      "casia_au": 0.010599096325241808,
      "casia_tp": 0.017309844626917648
    },
    "by_true_label_macro_f1": {
      "ai_generated": 0.0027079303675048294,
      "authentic": 0.010599096325241808,
      "manipulated": 0.017309844626917648
    }
  }
}